Index,Question: Synonyms and Antonyms,Correct Answer,Wrong Answers,,Reference Text,Question: Reading Comprehension,Correct Answer,Wrong Answers,,Question / Instruction: Grammar,Correct Answer,Wrong Answers,,Question / Instruction: Spelling,Correct Answer,Wrong Answers,Explanation,,Question / Instruction: Vocabulary and Paragraph Arangement,Correct Answer,Wrong Answers
1,1. Which word means the same as enthusiastic?,eager,"adamant, available, cheerful",,"If you are a fitness walker, there is no need for a
commute to a health club. Your neighborhood can
be your health club. You do not need a lot of fancy
equipment to get a good workout, either. All you
need is a well-designed pair of athletic shoes.",1. This paragraph best supports the statement that,fitness walking is a convenient and valuable form of exercise.,"fitness walking is a better form of exercise than weight lifting.


a membership in a health club is a poor investment.


walking outdoors provides a better workout than walking indoors.",,"1. Look for run-on sentences or sentence fragments. Choose the answer choice that does NOT express a correct, complete sentence.",The train leaving the station.,"Manuel wanted to complete all of his courses so he could get his degree.


She couldn’t believe the premise of the story.


no mistakes",,1. It is my [_____] that municipal employees handle their jobs with great professionalism.,belief,"beleif


bilief


beleaf",-,,1. Sila ay nagdadamayan sa hirap at ginhawa. Sila ay totoong “naghihiramang suklay”,magkaibigan,"mag asawa


magkapatid


magka anak"
2,2. Which word means the same as adequate?,sufficient,"mediocre, proficient, average",,"Critical reading is a demanding process. To read critically, you must slow down your reading and, with pencil in hand, perform specific operations on the text. Mark up the text with your reactions, conclusions, and questions. In other words, when you read, become an active participant.",2. This paragraph best supports the statement that,critical reading requires thoughtful and careful attention.,"critical reading is a slow, dull, but essential process.


the best critical reading happens at critical times in a person’s life.


readers should get in the habit of questioning the truth of what they read.",,"2. Look for run-on sentences or sentence fragments. Choose the answer choice that does NOT express a correct, complete sentence.",I can’t wait Janet can’t either.,"At the end of the day, they hoped to be finished with all tasks.


When will you teach me how to cook like you do?


no mistakes",,2. The accounting firm was [_____] for fraudulent practices.,prosecuted,"prossecuted


prosecutted


prosecuited",-,,2. There is no PANACEA that will solve our financial difficulty.,cure-all,"answer


paradox


criteria"
3,3. Which word means the same as ecstatic?,thrilled,"inconsistent, positive, wild",,"One New York publisher has estimated that 50,000 to 60,000 people in the United States want an anthology that includes the complete works of William Shakespeare. What accounts for this renewed interest in Shakespeare? As scholars point out, his psychological insights into both male and female characters are amazing, even today.",3. This paragraph best supports the statement that,people today are interested in Shakespeare’s work because of the characters.,"Shakespeare’s characters are more interesting than fictional characters today.


academic scholars are putting together an anthology of Shakespeare’s work.


New Yorkers have a renewed interest in the work of Shakespeare.",,"3. Look for run-on sentences or sentence fragments. Choose the answer choice that does NOT express a correct, complete sentence.","The children in the park, including all of the girls on the swings.","The medieval literature class was very interesting.


Christina is an excellent elementary school teacher.


no mistakes",,3. Every [_____] has to be handled differently.,situation,"sittuation


situachun


sitiation",-,,3. DEBACLE,disaster,"introduction


conflict


assault"
4,4. Which word means the same as affect?,influence,"accomplish, cause, sicken",,There are no effective boundaries when it comes to pollutants. Studies have shown that toxic insecticides—already banned in many countries—are riding the wind from countries where they remain legal. Compounds such as DDT and toxaphene have been found in remote places like the Yukon and other Arctic regions.,4. This paragraph best supports the statement that,bans on toxins have done little to stop the spread of pollutants.,"more pollutants find their way into polar climates than they do into warmer areas.


studies show that many countries have ignored their own anti-pollution laws.


DDT and toxaphene are the two most toxic insecticides in the world.",,"4. Look for run-on sentences or sentence fragments. Choose the answer choice that does NOT express a correct, complete sentence.",no mistakes.,"Sandra Day O’Connor was the first woman to serve on the U.S. Supreme Court.


You visited the presidential library of Lyndon B. Johnson.


I saw Dr. Sultana because Dr. Das was on vacation.",,4. It was a [_____] day for the department’s annual picnic.,superb,"supperb


supurb


sepurb",-,,4. LAGASAW,tunog ng alon,"tunog ng pag-iyak


tunog ng hangin


tunog ng busina"
5,5. Which word means the same as continuous?,uninterrupted,"intermittent, adjacent, contiguous",,The Fourth Amendment to the Constitution protects citizens against unreasonable searches and seizures. No search of a person’s home or personal effects may be conducted without a written search warrant issued on probable cause. This means that a neutral judge must approve the factual basis justifying a search before it can be conducted.,5. This paragraph best supports the statement that police officers cannot search a person’s home or private papers unless they have,legal authorization.,"direct evidence of a crime.


read the person his or her constitutional rights.


a reasonable belief that a crime has occurred.",,"5. Look for run-on sentences or sentence fragments. Choose the answer choice that does NOT express a correct, complete sentence.",Turn off the television it’s time for dinner!,"What is the best route to Philadelphia?


The artichokes cost more than the asparagus does.


no mistakes.",,"5. To be elected [_____], candidates must have a solid background in law enforcement.",sheriff,"sherrif


sherriff


sherif",-,,5. KABAL,agimat,"sepal


kaban


unawa"
6,6. Which word means the same as courtesy?,civility,"congruity, conviviality, rudeness",,"Mathematics allows us to expand our consciousness. Mathematics tells us about economic trends, patterns of disease, and the growth of populations. Math is good at exposing the truth, but it can also perpetuate misunderstandings and untruths. Figures have the power to mislead people.",6. This paragraph best supports the statement that,the study of mathematics can be both beneficial and confusing.,"the study of mathematics is dangerous.


the study of mathematics is more important than other disciplines.


the power of numbers is that they cannot lie.",,"6. Look for run-on sentences or sentence fragments. Choose the answer choice that does NOT express a correct, complete sentence.",The rest of the story coming to you later.,"Baseball is the national pastime of the United States.


Ernest Hemingway won the Nobel Prize for Literature.


no mistakes.",,"6. To be hired for the job, he needed to have [_____] ability.",mechanical,"mechinical


mechenical


machanical",-,,6. HAGINIT,harurot,"hagikhik


hambalang


handusay"
7,7. Which word means the same as frail?,delicate,"vivid, robust, adaptable",,"Human technology began with the development of the first stone tools about two and a half million years ago. In the beginning, the rate of development was slow, and hundreds of thousands of years passed without many technological changes. Today, new technologies are reported daily on television and in newspapers.",7. This paragraph best supports the statement that,"in today’s world, new technologies are constantly being developed.","stone tools were not really technology.


stone tools were in use for two and a half million years.


there is no way to know when stone tools first came into use.",,"7. Look for run-on sentences or sentence fragments. Choose the answer choice that does NOT express a correct, complete sentence.",no mistakes,"The sky was a brilliant blue this morning.


John is an avid stamp collector.


Elvis Presley’s home is in Memphis, Tennessee.",,7. The agents were searching for [_____] cargo on the airplane.,illicit,"elicitt


ellicit


illicet","This word should not be confused with elicit, which means to draw out or extract.",,7. DALAHIKAN,daungan,"istambayan


palaruan


dagat"
8,8. Which word means the same as recuperate?,mend,"endorse, persist, worsen",,"Ratatouille is a dish that has grown in popularity over the last few years. It features eggplant, zucchini, tomato, peppers, and garlic chopped, mixed, sautéed, and finally, cooked slowly over low heat. As the vegetables cook slowly, they make their own broth, which can be extended with a little tomato paste. The name ratatouille comes from the French word touiller, meaning to mix or stir together.",8. Which of the following is the correct order of steps for making ratatouille?,"Mix the vegetables together, sauté them, and add tomato paste.","Chop vegetables, add tomato paste, stir or mix together.


Cook the vegetables slowly, mix them together, add tomato paste.


Add tomato paste to extend the broth and cook slowly over low heat.",,"8. Look for run-on sentences or sentence fragments. Choose the answer choice that does NOT express a correct, complete sentence.",The county executive a person who works very hard.,"If you see a grizzly bear, do not make any sudden movements.


The national park system in the United States preserves land for all to enjoy.


no mistakes",,8. There will be an immediate [_____] into the cause of the accident.,inquiry,"inquirry


enquirry


enquery",-,,8. FORBEARANCE,patience,"attitude


stubbornness


generosity"
9,9. Which word means the same as meager?,scarce,"majestic, tranquil, adequate",,"Ratatouille is a dish that has grown in popularity over the last few years. It features eggplant, zucchini, tomato, peppers, and garlic chopped, mixed, sautéed, and finally, cooked slowly over low heat. As the vegetables cook slowly, they make their own broth, which can be extended with a little tomato paste. The name ratatouille comes from the French word touiller, meaning to mix or stir together.",9. Ratatouille can best be described as a,vegetable stew.,"French pastry.


sauce to put over vegetables.


pasta dish extended with tomato paste.",,9. Choose the sentence that uses commas correctly.,"My best friend, James is always on time.","Ecstatic the winner, hugged her coach.


As far as I know, that room is empty.


Maureen my cousin, is going to Hawaii in August.",,9. The union workers’ contract could not be [_____] before the calendar year ended.,terminated,"termenated


terrminated


termanated",-,,9. ALLEGIANCE,loyalty,"solemnity


intelligence


sincerity"
10,10. Which word means the same as composure?,poise,"agitation, liveliness, stimulation",,"After a snow or ice fall, the city streets are treated with ordinary rock salt. In some areas, the salt is combined with calcium chloride, which is more effective in below-zero temperatures and which melts ice better. This combination of salt and calcium chloride is also less damaging to foliage along the roadways.","10. In deciding whether to use ordinary rock salt or the salt and calcium chloride mixture on a particular street, which of the following is NOT a consideration?",whether the street is a main or secondary road,"the temperature at the time of treatment


the plants and trees along the street


whether there is ice on the street",,10. Choose the sentence that uses commas correctly.,"Concerned about her health, Jessica made an appointment to see a doctor.","Those sneakers are available in black tan red, and white.


After, checking our equipment you began our hiking trip.


Exhausted I climbed, into bed.",,10. A [_____] can be obtained at the town hall.,license,"lisense


lisence


lycence",-,,10. GRUNGY,dirty,"fashionable


brittle


warm"
11,11. Which word means the same as eccentric?,peculiar,"normal, frugal, selective",,"After a snow or ice fall, the city streets are treated with ordinary rock salt. In some areas, the salt is combined with calcium chloride, which is more effective in below-zero temperatures and which melts ice better. This combination of salt and calcium chloride is also less damaging to foliage along the roadways.","11. According to the snow treatment passage, which of the following is true?","If the temperature is below zero, a salt and calcium chloride mixture is effective in treating snow- and ice-covered streets.","Crews must wait until the snow or ice stops falling before salting streets.


Major roads are always salted first.


If the snowfall is light, the city road crews will not salt the streets because this would be a waste of the salt supply.",,11. Choose the sentence that uses commas correctly.,"Hoping for the best, I called Dan.","You visited England, France Spain, and Italy.


You can have chocolate ice cream or, you can have a dish of vanilla pudding.


Timothy, however will attend a community college in the fall.",,"11. In many states, passing a road test requires drivers to [_____] park.",parallel,"paralel


paralell


parallal",-,,11. PROSCRIBE,forbid,"record


promote


interpret"
12,12. Which word means the same as commendable?,admirable,"accountable, irresponsible, noticeable",,"Many cities have distributed standardized recycling containers to all households. One city attached the following directions: “We prefer that you use this new container as your primary recycling container, as this will expedite pick-up of recyclables. Additional recycling containers may be purchased as needed from the Sanitation Department.”","12. According to the passage, each household",should use the new recycling container.,"may use only one recycling container.


must use the new recycling container.


must buy a new recycling container.",,12. Choose the sentence that uses commas correctly.,"My physician, Dr. O’Connor, told me I was very healthy.","Max was the most physically fit and he won the 5K, race.


Shortly she will answer, all messages.


Bonnie was outgoing friendly, and sociable.",,12. The paramedics attempted to [_____] the victim.,stabilize,"stablize


stableize


stableise",-,,12. HULAS,lusaw,"litaw


hilaw


durog"
13,13. Which word means the same as passive?,inactive,"emotional, lively, woeful",,"Many cities have distributed standardized recycling containers to all households. One city attached the following directions: “We prefer that you use this new container as your primary recycling container, as this will expedite pick-up of recyclables. Additional recycling containers may be purchased as needed from the Sanitation Department.”","13. According to the passage, which of the following is true about the new containers?",The new containers will help increase the efficiency of the recycling program.,"The new containers are far better than other containers in every way.


The new containers hold more than the old containers did.


The new containers are less expensive than the old.",,13. Choose the sentence that uses commas correctly.,"I like jazz, classical, and blues music.","After his vacation to the Caribbean Art, decided to learn scuba diving.


My good friend, Melanie sent me a picture of her new puppy.


The abundant, blue, violets were scattered everywhere in the woodland garden.",,13. The attorney asked a question that was [_____] to the case; the judge overruled it.,irrelevant,"irelevent


irelevant


irrelevent",-,,13. DALAHIRA,tsismosa,"matulungin


pustura


madalasin"
14,14. Which word means the same as vast?,immense,"attentive, steady, slight",,"Spices is a pleasant word, whether it connotes fine French cuisine or down-home cinnamon-flavored apple pie. [_____]. In the past, individuals traveled the world seeking exotic spices for profit and, in searching, have changed the course of history. Indeed, to gain control of lands harboring new spices, nations have actually gone to war.",14. Choose the topic sentence that best fits the paragraph.,"The history of spices, however, is another matter altogether, and it can be filled with danger and intrigue.","The taste and aroma of spices are the main elements that make food such a source or fascination and pleasure.


The term might equally bring to mind Indian curry made thousands of miles away or those delicious barbecued ribs sold down at Harry’s.


It is exciting to find a good cookbook and experiment with spices from other lands—indeed, it is one way to travel around the globe.",,"14. Choose the sentence or phrase that has a mistake in capitalization or punctuation. If you find no mistakes, select choice d.",My favorite season is Spring.,"Last Monday, Aunt Ruth took me shopping.


You elected Ben as treasurer of the freshman class.


no mistakes",,14. The mayor highlighted the [_____] statistics during her campaign speech.,encouraging,"encouredging


incurraging


incouraging",-,,14. BARAL,trangka,"metal


santo


sulat"
15,15. Which word means the same as comply?,obey,"subdue, entertain, flatter",,"It weighs less than three pounds and is hardly more interesting to look at than an overly ripe cauliflower. [_____]. It has created poetry and music, planned and executed wars, devised intricate scientific theories. It thinks and dreams, plots and schemes, and easily holds more information than all the libraries on Earth.",15. Choose the topic sentence that best fits the paragraph.,"Nevertheless, the human brain is the most mysterious and complex object on earth.","The human brain is made of gelatinous matter and contains no nerve endings.


The science of neurology has found a way to map the most important areas of the human brain.


However, scientists say that each person uses only 10% of brainpower over the course of a lifetime.",,"15. Choose the sentence or phrase that has a mistake in capitalization or punctuation. If you find no mistakes, select choice d.",The boys’ wore identical sweaters.,"He shouted from the window, but you couldn’t hear him.


NASA was launching its first space shuttle of the year.


no mistakes",,"15. Choose the misspelled word, or select ""no mistakes"":

radios, leaves, alumni",no mistakes,"radios


leaves


alumni",-,,15. DULANG,mahabang hapag,"uri ng isda


malungkot na drama


makasaysayang tula"
16,16. JOURNAL,diary,"trip, receipt, list",,"Gary is a very distinguished-looking man with a touch of gray at the temples. Even in his early fifties, he is still the one to turn heads. He enjoys spending most of his time admiring his profile in the mirror. In fact, he considers his good looks to be his second most important asset in the world. The first, however, is money. He was fortunate enough to be born into a wealthy family, and he loves the power his wealth has given him. [_____]. He can buy whatever he desires. Gary checks the mirror often and feels great delight with what he sees.",16. Choose the topic sentence that best fits the paragraph.,Conceit is the beginning and the end of Gary’s character: conceit of person and situation.,"Gary’s gray hair is his worst characteristic.


Gary feels blessed to be wealthy and the joy consumes his every thought.


The only objects of Gary’s respect are others who hold positions in society above him.",,"16. Choose the sentence or phrase that has a mistake in capitalization or punctuation. If you find no mistakes, select choice d.",Occasionally someone will stop and ask for directions.,"When you come to the end of Newton Road, turn left onto Wilson Street.


Lauren’s father is an auto mechanic.


no mistakes",,"16. Choose the misspelled word, or select ""no mistakes"":

anouncement, advisement, description",anouncement,"advisement


description


no mistakes",The correct spelling is announcement.,,16. GULA-GULANIT,punit-punit,"lukot-lukot


iba-ibang kulay


buhol-buhol"
17,17. OPPORTUNITY,chance,"sensitivity, arrogance, reference",,"Life on Earth is ancient, and at its first appearance, unimaginably complex.",17. Choose the sentence that best develops or supports the topic sentence.,"Scientists place its beginnings at some three billion years ago, when the first molecule floated up out of the ooze with the unique ability to replicate itself.","The most complex life form is, of course, the mammal—and the most complex mammal is humankind.


It is unknown exactly where life started—where the first molecule was “born” that had the ability to replicate itself.


Darwin’s theory of evolution was one attempt to explain what essentially remains a great mystery.",,"17. Choose the sentence or phrase that has a mistake in capitalization or punctuation. If you find no mistakes, select choice d.",This is someone elses coat.,"That book must be yours.


Don B. Norman was one of the founders of the community.


no mistakes",,"17. Choose the misspelled word, or select ""no mistakes"":

omission, aisle, litrature",litrature,"omission


aisle


no mistakes",The correct spelling is literature.,,17. LAGAK,deposito,"tuyot


tungga


pigtal"
18,18. INVENT,discover,"insert, apply, allow",,"The continuing fascination of the public with movie star Marilyn Monroe is puzzling, yet it is still strong, even after many decades.",18. Choose the sentence that best develops or supports the topic sentence.,One reason might simply be her life’s sad and premature end.,"She became a star in the 1950s and died in 1962.


The film that most clearly demonstrates her talent is The Misfits.


Her name was originally Norma Jean, but she changed it to Marilyn.",,"18. Choose the sentence or phrase that has a mistake in capitalization or punctuation. If you find no mistakes, select choice d.",The US flag should be flown proudly.,"She served eggs, toast, and orange juice for breakfast.


He wanted turkey, lettuce, and mayonnaise on his sandwich.


no mistakes",,"18. Choose the misspelled word, or select ""no mistakes"":

informal, servent, comfortable",servent,"informal


comfortable


no mistakes",The correct spelling is servant.,,18. DALAHIKAN,daungan,"istambayan


palaruan


dagat"
19,19. SPHERE,globe,"air, spread, enclosure",,One scientific theory of the origin of the universe is the much misunderstood big bang theory.,19. Choose the sentence that best develops or supports the topic sentence.,"The popular notion is that the big bang was a huge explosion in space, but this is far too simple a description.","Physicists now believe they can construct what happened in the universe during the first three minutes of its beginning.


Many scientists believe that, during microwave experiments, you can actually “hear” echoes of the big bang.


The big bang theory, if accepted, convinces us that the universe was not always as it is now.",,"19. Choose the sentence or phrase that has a mistake in capitalization or punctuation. If you find no mistakes, select choice d.","Sincerely, yours","Dear Anne,


Yours truly,


no mistakes",,"19. Choose the misspelled word, or select ""no mistakes"":

vegetable, width, variation",no mistakes,"vegetable


width


variation",-,,19. CANTANKEROUS,quarrelsome,"ill-advised


offensive


greasy"
20,20. REFINE,purify,"condone, provide, change",,"There is no instruction by the old bird in the movements of flight, no conscious imitation by the young.",20. Choose the sentence that best develops or supports the topic sentence.,"The most obvious way in which birds differ from humans in behavior is that they can do all that they have to do, without ever being taught.","More extraordinary than a bird being able to fly untaught is that it is able to build a nest untaught.


Young birds frequently make their first flights with their parents out of sight.


Young birds brought up by hand in artificial nests will build the proper kind of nest for their species when the time comes.",,20. Choose the correct verb form: I am trying to become more skilled at weaving before winter [_____].,arrives.,"arrived.


will have arrived.


will arrive.",,"20. Choose the misspelled word, or select ""no mistakes"":

twentieth, fortieth, ninetieth",no mistakes,"twentieth


fortieth


ninetieth",-,,20. PERAMBULATE,walk,"move back and forth


disbelieve


investigate"
21,21. PLEDGE,promise,"picture, idea, quote",,The reintroduced wolves are producing more offspring than expected.,21. Choose the sentence that best develops or supports the topic sentence.,The gray wolf will be taken off the list of endangered species in the northern Rocky Mountains when ten breeding pairs reside in a region for three years.,"Ranchers and some biologists are protesting the reintroduction of the wolves.


There are active efforts to reintroduce wolves to national parks in the United States.


The success of an attempt to reintroduce red wolves to parts of North Carolina is not yet clear.",,"21. Choose the correct verb form: While trying to [_____] his cat from a tree, he fell and hurt himself.",rescue,"be rescuing


have rescued


rescuing",,"21. Choose the misspelled word, or select ""no mistakes"":

association, unecessary, illegal",unecessary,"association


illegal


no mistakes",The correct spelling is unnecessary.,,21. A pretty penny means _____________.,"If something costs a pretty penny, it is very expensive.","If something costs a pretty penny, it is very inexpensive.


If something costs a pretty penny, it is very precious.


If something costs a pretty penny, it is very unimportant."
22,22. GANGLY,lanky,"illegally, closely, ugly",,The Puritans established a wide variety of punishments to enforce their strict laws.,22. Choose the sentence that best develops or supports the topic sentence.,"Today, many of the punishments used by the Puritans in Massachusetts Bay seem cruel and excessive.","The Puritans believed that some lawbreakers should be shamed in public by the use of stocks and the pillory.


Disobedient children would feel the sting of the whip.


The Eighth Amendment of the Bill of Rights prohibits cruel and unusual punishment.",,22. Choose the correct verb form: The volunteers from the fire department [_____] quickly and extinguished a fire on North Country Road.,responded,"will respond


will have responded


have responded",,"22. Choose the misspelled word, or select ""no mistakes"":

villin, volunteer, voracious",villin,"volunteer


voracious


no mistakes",The correct spelling is villain.,,22. Come out of your shell means _____________.,"If someone comes out of their shell, they stop being shy and withdrawn and become more friendly and sociable.","If someone comes in of their shell, they never stop being shy and withdrawn and become more unfriendly and sociable.


If someone comes out of their shell, they never stop being shy and withdrawn and become more friendly and sociable.


If someone comes in of their shell, they stop being shy and withdrawn and become more un friendly and unsociable."
23,23. SAGE,wise,"obnoxious, conceited, heartless",,Irish Catholics continued to fight against British rule.,23. Choose the sentence that would make the best topic sentence.,Political violence has claimed many lives in Northern Ireland.,"The struggle today is over the control of these six counties.


For centuries, all of Ireland was ruled by Great Britain.


Six counties in the north—where Protestants outnumber Catholics two to one—remained a part of Great Britain and became known as Northern Ireland.",,"23. Choose the correct verb form: In Tuesday’s paper, the owner of the supermarket was recognized for helping a customer who [_____] on the icy sidewalk.",had fallen,"falls


would fall


has fallen",,"23. Choose the misspelled word, or select ""no mistakes"":

hindrence, equipped, possessive",hindrence,"equipped


possessive


no mistakes",The correct spelling is hindrance.,,23. Derring-do means _________.,"If a person shows derring-do, they show great courage.","If a person shows derring-do, they show unwillingness.


If a person shows derring-do, they show shyness.


If a person shows derring-do, they show pettiness."
24,24. NAVIGATE,steer,"search, decide, assist",,"In Oklahoma, a girl is forbidden to take a bite from her date’s hamburger.",24. Choose the sentence that would make the best topic sentence.,"It may be hard to believe, but these strange laws are still on the books!","It is illegal for teenagers to take a bath during the winter in Clinton, Indiana.


On Sunday, children may not spin yo-yos in Memphis, Tennessee.


It is illegal to parade an elephant down Main Street in Austin, Texas.",,24. Choose the correct verb form: The people who bought this old lamp at the antique auction [_____] very smart.,were,"was


is


has been",,"24. Choose the misspelled word, or select ""no mistakes"":

procedure, judgment, testamony",testamony,"procedure


judgment


no mistakes",The correct spelling is testimony.,,24. Hot water means ___________.,"If you get into hot water, you get into trouble.","If you get into hot water, you get a lucky day.


If you get into hot water, you get a bad day.


If you get into hot water, you get a burn skin."
25,25. DORMANT,slumbering,"hidden, rigid, misplaced",,The hairs themselves are very sensitive.,25. Choose the sentence that would make the best topic sentence.,A cat’s whiskers are among the most perfect organs of touch.,"The roots are provided with highly sensitive nerve endings.


Serving as feelers, they aid the cat’s ability to move in the dark.


This is most important for a cat that does its prowling at night.",,25. Choose the correct verb form: I [_____] her speak on Friday night about the advantages of organic gardening.,will hear,"will have heard


would hear


would have heard",,"25. Choose the misspelled word, or select ""no mistakes"":

explicit, abduct, rotate",no mistakes,"explicit


abduct


rotate",-,,25. Keep abreast means __________.,"If you keep abreast of things, you stay informed about developments.","If you keep abreast of things, you stay uninformed about developments.


If you keep abreast of things, you stay informed about things.


If you keep abreast of things, you stay informed about life."
26,26. Which word means the opposite of prompt?,tardy,"punctual, slack, regular",,French explorers probably taught the Inuit Eskimos how to play dominoes.,26. Choose the sentence that would make the best topic sentence.,The game of dominoes has been popular for centuries.,"It was known in 181 A.D. in China.


Also, it was played during the 1700s in Italy.


From Italy, it was introduced to the rest of the world.",,26. Choose the correct pronoun form: That snappy looking sports car belongs to my sister and [_____].,me,"I


mine


myself",,"26. Choose the misspelled word, or select ""no mistakes"":

through, threw, thorough",no mistakes,"through


threw


thorough",-,,"26. There are times when you must decide and ""take the bull by the horns.""",make a bold decision,"make the right decision


make the wrong decision


make a final decision"
27,27. What word is the opposite of delay?,hasten,"slow, pause, desist",,It is a fact that people are now living longer than ever before for many reasons.,27. Choose the sentence that would make the best topic sentence.,Advances in medical science have done wonders for longevity.,"Some people in Russia’s Caucasus Mountains live to be over one hundred years of age.


No one seems to understand this phenomenon.


The people in this region do not seem to gain anything from medical science.",,27. Choose the correct pronoun form: The person [_____] made this delicious cheesecake has my vote.,who,"that


which


whose",,"27. Choose the misspelled word, or select ""no mistakes"":

quantaty, quality, quaint",quantaty,"quality


quaint


no mistakes",The correct spelling is quantity.,,"27. He ""leads a dog's life"" really because his freedom is always curtailed.",never does what he wants,"never knows what to do


sometimes does something wrong


never goes out"
28,28. What word is the opposite of soothe?,aggravate,"increase, comfort, delight",,"For 16 years, he spread violence and death throughout the west.",28. Choose the sentence that would make the best topic sentence.,Jesse Woodson James was the most legendary of all American outlaws.,"Jesse was gunned down on April 3, 1882.


He left a trail of train and bank robberies.


His crimes were committed during the late 1860s.",,28. Choose the correct pronoun form: George and Michael left [_____] backpacks in the car.,their,"his


there


its",,"28. Choose the misspelled word, or select ""no mistakes"":

requirement, reverence, resistent",resistent,"requirement


reverence


no mistakes",The correct spelling is resistant.,,"28. No-one ever mentions him because he's regarded as the ""black sheep of the family.""",the one with a bad reputation,"the one with a sense of humour


the one who is always late


the one who never washes"
29,29. Which word means the opposite of moderate?,excessive,"original, average, final",,Mr. Orenstein is a terrific boss.,29. Fact or Opinion?,Opinion,Fact,,29. Choose the correct pronoun form: You arranged the flowers and placed [_____] in the center of the table.,them,"this


it


that",,"29. Choose the misspelled word, or select ""no mistakes"":

incorporate, contridict, exhale",contridict,"incorporate


exhale


no mistakes",The correct spelling is contradict.,,"29. I shouldn't go outside without a raincoat because ""it's raining cats and dogs.""",it's raining very heavily,"it's just started to rain


it's going to rain


it's raining a little"
30,30. Which word means the opposite of reveal?,conceal,"disclose, achieve, retreat",,Many companies have dress-down days on Fridays.,30. Fact or Opinion?,Fact,Opinion,,30. Choose the correct pronoun form: [_____] met more than ten years ago at a mutual friend’s birthday party.,She and I,"Her and I


Her and me


She and me",,"30. Choose the misspelled word, or select ""no mistakes"":

pertain, reversel, memorization",reversel,"pertain


memorization


no mistakes",The correct spelling is reversal.,,"30. You shouldn't sign there I think he's about ""to make a monkey out of you.""",to make a fool of you,"to make you lose money


to make you feel stupid


to make you lose interest"
31,31. Which word means the opposite of initial?,final,"first, crisis, right",,Dress-down days improve employee morale.,31. Fact or Opinion?,Opinion,Fact,,"31. Find the sentence that has a mistake in grammar or usage. If there are no mistakes, select choice d.",no mistakes,"Have you ever read the book called The Firm?


She urged me not to go.


Stop, look, and listen.",,"31. Choose the misspelled word, or select ""no mistakes"":

marshal, martial, tyrenny",tyrenny,"marshal


martial


no mistakes",The correct spelling is tyranny.,,31. She had to buy a ________ of shoes to match her dress.,pair,"pear


pare


peer"
32,32. Which word means the opposite of brittle?,flexible,"breakable, grating, thin",,Wednesday is the fourth day of the week.,32. Fact or Opinion?,Fact,Opinion,,"32. Find the sentence that has a mistake in grammar or usage. If there are no mistakes, select choice d.",They weren’t the only ones that didn’t like the movie.,"Three’s a crowd.


If you’re not sure, look in the dictionary.


no mistakes",,"32. Choose the misspelled word, or select ""no mistakes"":

optimum, palpable, plunder",no mistakes,"optimum


palpable


plunder",-,,32. The ________ of the school asked all faculty members to attend a meeting.,principal,"principle


precept"
33,33. Which word means the opposite of capable?,unskilled,"absurd, apt, able",,Wednesday is the longest day of the week.,33. Fact or Opinion?,Opinion,Fact,,"33. Find the sentence that has a mistake in grammar or usage. If there are no mistakes, select choice d.",Anne will leave first and Nick will follow her.,"Maya Angelou, a famous poet, recently spoke at our school.


The clerk asked for my address and phone number.


no mistakes",,"33. Choose the misspelled word, or select ""no mistakes"":

ravinous, miraculous, wondrous",ravinous,"miraculous


wondrous


no mistakes",The correct spelling is ravenous.,,33. The ________ of the perfume was intoxicating.,scent,"accent


sent


cent"
34,34. What word is the opposite of stray?,remain,"inhabit, wander, incline",,There are many different ways to invest your money to provide for a financially secure future.,34. Fact or Opinion?,Fact,Opinion,,"34. Find the sentence that has a mistake in grammar or usage. If there are no mistakes, select choice d.",That parrot doesnt talk.,"Don’t spend too much money.


You waited until he stopped to make a phone call.


no mistakes",,"34. Choose the misspelled word, or select ""no mistakes"":

phenomonal, emulate, misconception",phenomonal,"emulate


misconception


no mistakes",The correct spelling is phenomenal.,,34. The room was completely ________ of furniture.,bare,"beer


bear"
35,35. What word is the opposite of dainty?,coarse,"delicate, harsh, delicious",,Many people invest in stocks and bonds.,35. Fact or Opinion?,Fact,Opinion,,"35. Find the sentence that has a mistake in grammar or usage. If there are no mistakes, select choice d.",The first house on the street is there’s.,"Alberto laughed loudly when he saw us.


They’re looking for another apartment.


no mistakes",,"35. Choose the misspelled word, or select ""no mistakes"":

mischief, temperture, lovable",temperture,"mischief


lovable


no mistakes",The correct spelling is temperature.,,35. ________ only four o’clock in the afternoon.,It's,"Its


He's"
36,36. Which word means the opposite of craving?,repugnance,"desire, nonchalance, motive",,Savings accounts and CDs (certificates of deposit) are the best way to invest your hard-earned money.,36. Fact or Opinion?,Opinion,Fact,,"36. Find the sentence that has a mistake in grammar or usage. If there are no mistakes, select choice d.",no mistakes,"I love the fireworks on the Fourth of July.


The dog’s barking woke us from a sound sleep.


My grandparents live in Dallas, Texas.",,"36. Choose the misspelled word, or select ""no mistakes"":

stadium, competitor, atheletic",atheletic,"stadium


competitor


no mistakes",The correct spelling is athletic.,,36. Creativity is ________ best asset.,your,you're
37,37. Which word means the opposite of ferocious?,docile,"savage, explosive, noble",,Stocks and bonds are often risky investments.,37. Fact or Opinion?,Fact,Opinion,,"37. Find the sentence that has a mistake in grammar or usage. If there are no mistakes, select choice d.",Ursula has broke one of your plates.,"The sun rose from behind the mountains.


Don’t spend too much time on that project.


no mistakes",,37. My favorite [_____] is peach pie with vanilla ice cream.,dessert,desert,Dessert is an after-dinner treat; a desert is an arid land.,,37. The ________ in the mountains was peaceful and still.,air,"heir


ear


ere"
38,38. Which word means the opposite of grueling?,effortless,"casual, exhausting, empty",,"Savings accounts and CDs are fully insured and provide steady, secure interest on your money.",38. Fact or Opinion?,Fact,Opinion,,"38. Find the sentence that has a mistake in grammar or usage. If there are no mistakes, select choice d.","After you sat down to eat dinner, the phone rung.","She believed in keeping a positive attitude.


Sign all three copies of the form.


no mistakes",,"38. While nuclear energy is efficient, storing nuclear [_____] is always a problem.",waste,waist,Waste means material that is rejected during a process; the waist is the middle of the body.,,38. Take the ________ to the second floor.,stairs,"steers


stares"
39,39. Which word means the opposite of forsake?,cherish,"admit, abandon, submit",,"The use of computer equipment and software to create high quality printing for newsletters, business cards, letterhead, and brochures is called Desktop Publishing, or DTP. The most important part of any DTP project is planning. Before you begin, you should know your intended audience, the message you want to communicate, and what form your message will take.",39. This paragraph best supports the statement that,the first stage of any proposed DTP project should be organization and design.,"DTP is one way to become acquainted with a new business audience.


computer software is continually being refined to produce more high quality printing.


the planning stage of any DTP project should not include talking with the intended audience.",,"39. Find the sentence that has a mistake in grammar or usage. If there are no mistakes, select choice d.",She missed the bus and arrives late.,"The Adirondack Mountains are in New York.


President Carter returned control of the Panama Canal to Panama.


no mistakes",,39. The price for the carpet was [_____].,fair,fare,Fair means equitable; a fare is a transportation fee.,,39. She boarded a ________ to San Francisco last night.,plane,plain
40,40. What word is the opposite of restrain?,liberate,"control, maintain, distract",,"Many office professionals have expressed an interest in replacing the currently used keyboard, known as the QWERTY keyboard, with a keyboard that can keep up with technological changes and make offices more efficient. The best choice is the Dvorak keyboard. Studies have shown that people using the Dvorak keyboard can type 20–30% faster and are able to cut their error rate in half. Dvorak puts vowels and other frequently used letters right under the fingers—on the home row—where typists make 70% of their keystrokes.",40. This paragraph best supports the statement that the Dvorak keyboard,is more efficient than the QWERTY.,"has more keys right under the typists’ fingers than the QWERTY.


is favored by more typists than the QWERTY.


is—on average—70% faster than the QWERTY.",,"40. Find the sentence that has a mistake in grammar or usage. If there are no mistakes, select choice d.",The childrens books are over there.,"There is not enough paper in the printer for the entire document.


What’s the weather forecast for today?


no mistakes",,40. This is the [_____] of the new art museum.,site,"sight


cite",Site refers to a place; cite means to refer to; sight is the ability to see.,,40. He had a reputation for being very ___ and self-centered.,vain,"vane


vein"
41,41. ABSORB,repel,"acquire, consume, assist",,"Every year, Americans use over one billion sharp objects to administer health care in their homes. These sharp objects include lancets, needles, and syringes. If not disposed of in puncture-resistant containers, they can injure sanitation workers. Sharp objects should be disposed of in hard plastic or metal containers with secure lids. The containers should be clearly marked and should be puncture resistant.",41. This paragraph best supports the idea that sanitation workers can be injured if they,come in contact with sharp objects that have not been placed in secure containers.,"do not place sharp objects in puncture-resistant containers.


are careless with sharp objects such as lancets, needles, and syringes in their homes.


do not mark the containers they pick up with a warning that those containers contain sharp objects.",,"41. Choose the sentence that does not use the correct form of the commonly confused word. If there are no mistakes, select choice d.",Some analysts think the stock market has seen it’s best days.,"If it’s nice weather tomorrow, I plan to go for a hike.


It’s usually a good idea to purchase life insurance.


no mistakes",,41. Come [_____] the park later this evening to see the sunset.,by,"buy


bye",By means near; bye is used to express farewell; buy means to purchase.,,"41. Arrange the paragraph:

A. One effective way is to diversify his funds to different investments like real estate, stocks and money instruments like bonds and trust funds.

B. It is always best to expand money to different investment wheels.

C. A wise investor must not put all his eggs in one basket.

D. He should always consider the risks involved in investing his money.",4. CDBA,"1. CBAD


2. CBDA


3. CDAB"
42,42. CRITICAL,trivial,"inimical, judgmental, massive",,"One of the missions of the Peace Corps is to bring trained men and women to work in countries who need trained professionals in certain fields. People who work for the Peace Corps are volunteers. However, in order to keep the Peace Corps dynamic and vital, no staff member can work for the agency for more than five years.",42. This paragraph best supports the statement that Peace Corps employees,are hired for a limited term of employment.,"are highly intelligent people.


must train for about five years.


have both academic and work experience.",,"42. Choose the sentence that does not use the correct form of the commonly confused word. If there are no mistakes, select choice d.",Save all of your files in to or three folders.,"She spoke too quickly to the group in the lobby.


Can you attend this morning’s meeting too?


no mistakes",,42. This is the [_____] book George has read.,fourth,forth,Fourth refers to the number four; forth means forward.,,"42. Arrange the paragraph:

A. It is very vital to have social media presence however personal blogs serve as web domains.

B. Most people including celebrities and businessmen have blogs nowadays.

C. Therefore, building them will help anyone in promoting himself or his business.

D. Apparently blogs are like our offices only they are in the internet.",1. BDAC,"2. BADC


3. BACD


4. BDCA"
43,43. NIMBLE,sluggish,"sturdy, thoughtless, relaxed",,"More and more office workers telecommute from offices in their own homes. The benefits of telecommuting allow for greater productivity and greater flexibility. Telecommuters produce an average of 20% more than if they were to work in an office. In addition, their flexible schedules allow them to balance their families with their work responsibilities.",43. This paragraph best supports the statement that telecommuters,get more work done in a given time period than workers who travel to the office.,"produce a better quality work product than workers who travel to the office.


are more flexible in their ideas than workers who travel to the office.


would do 20% more work if they were to work in an office.",,"43. Choose the sentence that does not use the correct form of the commonly confused word. If there are no mistakes, select choice d.",When will you bring you’re pictures to work?,"It is your responsibility to arrange the details.


If you’re planning to attend, please let me know in advance.


no mistakes",,43. The acoustics in the auditorium made it easy for the audience to [_____] the melodic sounds of the soloist.,hear,here,"Hear means to perceive sound with the ear; here is a location, place, or position.",,"43. Arrange the paragraph:

A. The basic steps in building a website are easy to remember and registering a domain name is the usual priority.

B. Designing a layout will come after that.

C. Finally, adding more content and social media presence are required to keep your site active.

D. Then you need a hosting provider to host your site’s content in the World Wide Web.",2. ADBC,"1. ABCD


3. ACBD


4. ADCB"
44,44. TRANQUIL,agitated,"explicit, assertive, composed",,"Close-up images of Mars by the Mariner 9 probe indicated networks of valleys that looked like the stream beds on Earth. These images also implied that Mars once had an atmosphere that was thick enough to trap the Sun’s heat. If this is true, something must have happened to Mars billions of years ago that stripped away the planet’s atmosphere.",44. This paragraph best supports the statement that,Mars now has little or no atmosphere.,"Mars once had a thicker atmosphere than Earth does.


the Mariner 9 probe took the first pictures of Mars.


Mars is closer to the Sun than Earth is.",,"44. Choose the sentence that does not use the correct form of the commonly confused word. If there are no mistakes, select choice d.",They’re are only two ways to handle that situation.,"Only their supervisor can answer those questions.


There is a phone call for you.


no mistakes",,"44. Our choice to stay in the comfortable, cozy [_____] house was a good decision.",guest,guessed,A guest is one who is a recipient of hospitality. Guessed is the past tense of guess.,,"44. Arrange the paragraph:

A. Speaking in English every day is also proven effective.

B. Another way is watching English movies and TV shows particularly with English subtitles.

C. Reading articles in books, newspapers, and magazines is just among the helpful ways.

D. There are many ways to improve and develop English proficiency.",1. DCBA,"2. DACB


3. DABC


4. DCAB"
45,45. SPRIGHTLY,dull,"eager, lofty, local",,"It is a myth that labor shortages today center mostly on computer jobs. Although it is true that the lack of computer-related skills accounts for many of the problems in today’s job market, there is a lack of skilled labor in many other fields. There is a shortage of uniformed police officers in many cities and a shortage of trained criminal investigators in some rural areas. These jobs may utilize computer skills, but they are not essentially computer jobs.",45. This paragraph best supports the statement that,"there is a shortage of skilled workers in a variety of fields, including police work.","people with computer skills are in demand in police and criminal investigator jobs.


unemployment in computer-related fields is not as widespread as some people think.


trained criminal investigators are often underpaid in rural areas.",,"45. Choose the sentence that does not use the correct form of the commonly confused word. If there are no mistakes, select choice d.",no mistakes,"They are the ones who deserve all the credit.


This is the house that I told you about.


Marie sent a gift to her grandmother, who is in the hospital.",,45. Have dinner with us at the restaurant; we’ll meet you [_____].,there,"they're


their",There refers to a place; their is a possessive pronoun; they’re is a contraction for they are.,,"45. Arrange the paragraph:

A. Others don’t realize yet what to pursue because they have many dreams.

B. Finding the right course in college is one of the most challenging decisions anyone can make.

C. Some people want to pursue their dreams ever since they were just little.

D. Indeed destiny is a matter of choice.",4. BCAD,"1. BDAC


2. BCDA


3. BADC"
46,46. INFANTILE,mature,"despicable, adolescent, perpetual",,"The competitive civil service system is designed to give candidates fair and equal treatment and to ensure that federal applicants are hired based on objective criteria. Hiring has to be based solely on a candidate’s knowledge, skills, and abilities—sometimes abbreviated as KSA—and not on external factors such as race, religion, or sex. Whereas employers in the private sector can hire employees for subjective reasons, federal employers must be able to justify their decision with objective evidence of candidate qualification.",46. This paragraph best supports the statement that,the civil service strives to hire on the basis of a candidate’s abilities.,"hiring in the private sector is inherently unfair.


KSA is not as important as test scores to federal employers.


federal hiring practices are simpler than those employed by the private sector.",,46. Choose the sentence that is correct in both grammar and punctuation.,"The trip was scheduled for Friday, and the family was excited.","The trip was scheduled for Friday the family was excited.


The trip was scheduled for. Friday the family was excited.


The trip, was scheduled for Friday, and the family was excited.",,46. May I have a [_____] of cheese?,piece,peace,A piece is a portion; peace means calm or quiet.,,"46. Arrange the paragraph:

A. Many innovations without proven results and follow up evaluation are educational wastages.

B. One wonders in the final analysis if these changes have been deeply rooted on basic problems of the people they serve.

C. Some curriculum changes were mere fads without foreseeable achievements.

D. What we need are innovations that overcome the mis-education of the young.",4. CBAD,"1. BACD


2. ACDB


3. ABCD"
47,47. IMPULSIVE,cautious,"secure, mandatory, rash",,"It is well known that the world urgently needs adequate distribution of food, but adequate distribution of medicine is just as urgent. Medical expertise and medical supplies need to be redistributed throughout the world so that people in emerging nations will have proper medical care.",47. This paragraph best supports the statement that,many people who live in emerging nations are not receiving proper medical care.,"the majority of the people in the world have no medical care.


medical resources in emerging nations have diminished in the past few years.


not enough doctors give time and money to those in need of medical care.",,47. Choose the sentence that is correct in both grammar and punctuation.,"They finished their lunch, left the building, and returned at 1:30.","They finished their lunch. Left the building. And returned at 1:30.


They finished their lunch, left the building, and returns at 1:30.


They finished their lunch, left the building, and returning at 1:30.",,47. All children have the [_____] to an education.,right,"write


rite",A right is a privilege; to write is to put words on paper; a rite is a ceremonial ritual.,,"47. Arrange the paragraph:

A. By trying, man learns to solve his problems through satisfying acts and eliminate actions which are annoying.

B. He used a hungry cat in a puzzled box where it tried ways to get out in order to get to the food.

C. Edward C. Thorndike’s connectionism theory of learning establishes the trial and error way to learn.

D. He established the fact that like the cat, man too, learns by trial and error.",1. ACBD,"2. BACD


3. ACDB


4. ABCD"
48,48. AMIABLE,aloof,"dangerous, permissive, congenial",,"In the past, suggesting a gas tax has usually been considered a political blunder, but that does not seem to be the case today. Several states are promoting bills in their state legislatures that would cut income or property taxes and make up the revenue with taxes on fossil fuel.",48. This paragraph best supports the statement that,state legislators no longer fear increasing gas taxes.,"gas taxes produce more revenue than income taxes.


states with low income tax rates are increasing their gas taxes.


taxes on fossil fuels are more popular than property taxes.",,48. Choose the sentence that is correct in both grammar and punctuation.,"Searching for her keys, Kira knew she would be late.","Searching for her keys, Kira, knew she would be late.


Searching for her keys Kira knew she would be late.


Searching, for her keys and Kira knew she would be late.",,48. It is a good idea to exercise on a [_____] bicycle during inclement weather.,stationary,stationery,Stationary means standing still; stationery is writing paper.,,"48. Arrange the paragraph:

A. A responsive educational system should be directed towards regional cooperation.

B. Commonality of educational objectives should be replaced by better ways of achieving goals that fit the regional needs.

C. It is necessary to revolutionize the contemporary methodologies in the teaching-learning processes.

D. The educational goals should seek for a better way of experimentation in the teaching strategies and technologies.",2. ABDC,"1. ABCD


3. BCAD


4. DABC"
49,49. COMPETENT,inept,"incomplete, intense, massive",,"Whether you can accomplish a specific goal or meet a specific deadline depends first on how much time you need to get the job done. What should you do when the demands of the job exceed the time you have available? The best approach is to divide the project into smaller pieces. Different goals will have to be divided in different ways, but one seemingly unrealistic goal can often be accomplished by working on several smaller, more reasonable goals.",49. This paragraph best supports the statement that,the best way to complete projects is to make sure your goals are achievable.,"jobs often remain only partially completed because of lack of time.


the best way to tackle large projects is to problem-solve first.


the best approach to a demanding job is to delegate responsibility.",,49. Choose the sentence that is correct in both grammar and punctuation.,The longtime residents in the community were proud of their school district.,"The longtime residents in the community were proud of there school district.


The longtime residents in the community was proud of their school district.


The longtime residents in the community, were proud of their school district.",,"49. At the beach, we went digging for clams and [_____].",mussels,muscles,Mussels are marine animals; muscles are body tissues.,,"49. Arrange the paragraph:

A. Before, his religion was basically involved with rituals and ceremonies.

B. The religion of the teacher helps him in reducing his fears and uncertainties.

C. His religion responds to his needs for a means to allay fears about the uncertainty of events contrary to natural laws.

D. Religion is important because it provides spiritual nourishment for his total being.",3. DBCA,"1. ABCD


2. BACD


4. CBAD"
50,50. PROMOTE,curtail,"explicate, concede, remote",,"Before you begin to compose a business letter, sit down and think about your purpose for writing the letter. Do you want to request information, order a product, register a complaint, or apply for something? Do some brainstorming and gather information before you begin writing. Always keep your objective in mind.",50. This paragraph best supports the statement that,"for many different kinds of writing tasks, planning is an important first step.","business letters are frequently complaint letters.


brainstorming and writing take approximately equal amounts of time.


while some people plan ahead when they are writing a business letter, others do not.",,50. Choose the sentence that is correct in both grammar and punctuation.,"Lisa, Dara, and Amy wanted to work together on the committee.","Lisa Dara and Amy wants to work together on the committee.


Lisa, Dara, and Amy wanting to work together on the committee.


Lisa, Dara, and Amy have wants to work together on the committee.",,50. We [_____] the exit and had to turn around.,passed,past,Passed is the past tense of pass; past means a time gone by.,,"50. Arrange the paragraph:

A. While passport, airline tickets and valid IDs are required, proof of financial capacity may be required for visa application.

B. Many Filipinos rejoiced hearing that good news.

C. The Bureau of Immigration announced recently that proof of financial capacity is not a primary requirement at the airport.

D. Positive points go to the bureau for this.",1. CBAD,"2. CADB


3. CABD


4. CBDA"